{
    "materials": [
        {
            "name": "Emerald Plastic",
            "properties": {
                "ambient": [
                    0.0,
                    0.0,
                    0.0,
                    1.0
                ],
                "diffuse": [
                    0.10000000149011612,
                    0.3499999940395355,
                    0.10000000149011612,
                    1.0
                ],
                "emissive": [
                    0.0,
                    0.0,
                    0.0,
                    1.0
                ],
                "specular": [
                    0.44999998807907104,
                    0.550000011920929,
                    0.44999998807907104,
                    1.0
                ],
                "specularStrength": 32.0
            },
            "shader": "Phong Lighting",
            "textures": [
                "Emerald"
            ]
        },
        {
            "name": "Emerald Red Rubber",
            "properties": {
                "ambient": [
                    0.05000000074505806,
                    0.0,
                    0.0,
                    1.0
                ],
                "diffuse": [
                    0.5,
                    0.4000000059604645,
                    0.4000000059604645,
                    1.0
                ],
                "emissive": [
                    0.0,
                    0.0,
                    0.0,
                    1.0
                ],
                "specular": [
                    0.699999988079071,
                    0.03999999910593033,
                    0.03999999910593033,
                    1.0
                ],
                "specularStrength": 10.0
            },
            "shader": "Phong Lighting",
            "textures": [
                "Emerald"
            ]
        },
        {
            "name": "Lit Thread",
            "properties": {
                "ambient": [
                    0.10000000149011612,
                    0.10000000149011612,
                    0.10000000149011612,
                    1.0
                ],
                "diffuse": [
                    1.0,
                    1.0,
                    1.0,
                    1.0
                ],
                "emissive": [
                    0.0,
                    0.0,
                    0.0,
                    1.0
                ],
                "specular": [
                    1.0,
                    1.0,
                    1.0,
                    1.0
                ],
                "specularStrength": 128.0
            },
            "shader": "Phong Lighting",
            "textures": [
                "Thread"
            ]
        },
        {
            "name": "Normal Color",
            "properties": null,
            "shader": "Normal To Color",
            "textures": null
        }
    ],
    "models": [
        {
            "material": "Emerald Red Rubber",
            "name": "Car",
            "path": "models/racing_car.obj"
        },
        {
            "material": "Lit Thread",
            "name": "Plane",
            "path": "models/primitives/plane.obj"
        },
        {
            "material": "Normal Color",
            "name": "Sphere",
            "path": "models/primitives/sphere.obj"
        },
        {
            "material": "Emerald Plastic",
            "name": "Teapot",
            "path": "models/teapot2.obj"
        },
        {
            "material": "Emerald Red Rubber",
            "name": "Car",
            "path": "models/racing_car.obj"
        },
        {
            "material": "Lit Thread",
            "name": "Plane",
            "path": "models/primitives/plane.obj"
        },
        {
            "material": "Normal Color",
            "name": "Sphere",
            "path": "models/primitives/sphere.obj"
        },
        {
            "material": "Emerald Plastic",
            "name": "Teapot",
            "path": "models/teapot2.obj"
        }
    ],
    "nodes": [
        {
            "model": null,
            "name": "root",
            "params": null,
            "parent": null,
            "transform": {
                "position": [
                    0.0,
                    0.0,
                    0.0
                ],
                "rotation": [
                    0.0,
                    0.0,
                    0.0
                ],
                "scale": [
                    1.0,
                    1.0,
                    1.0
                ]
            },
            "type": "node"
        },
        {
            "model": "Teapot",
            "name": "teapot",
            "params": null,
            "parent": "root",
            "transform": {
                "position": [
                    0.0,
                    0.0,
                    0.0
                ],
                "rotation": [
                    0.0,
                    1.9155901670455933,
                    0.0
                ],
                "scale": [
                    1.0,
                    1.0,
                    1.0
                ]
            },
            "type": "node"
        },
        {
            "model": "Car",
            "name": "car",
            "params": null,
            "parent": "teapot",
            "transform": {
                "position": [
                    25.0,
                    0.0,
                    -4.0
                ],
                "rotation": [
                    0.0,
                    0.0,
                    0.0
                ],
                "scale": [
                    1.0,
                    1.0,
                    1.0
                ]
            },
            "type": "node"
        },
        {
            "model": "Teapot",
            "name": "teapot2",
            "params": null,
            "parent": "car",
            "transform": {
                "position": [
                    30.0,
                    0.0,
                    0.0
                ],
                "rotation": [
                    0.0,
                    0.0,
                    0.0
                ],
                "scale": [
                    1.0,
                    1.0,
                    1.0
                ]
            },
            "type": "node"
        },
        {
            "model": "Sphere",
            "name": "static light",
            "params": {
                "attenuation": [
                    1.0,
                    0.20000000298023224,
                    0.10000000149011612
                ],
                "color": [
                    0.6784313917160034,
                    0.847058892250061,
                    0.9019608497619629,
                    1.0
                ],
                "enabled": true
            },
            "parent": "root",
            "transform": {
                "position": [
                    -2.0,
                    4.0,
                    -1.0
                ],
                "rotation": [
                    0.0,
                    0.0,
                    0.0
                ],
                "scale": [
                    0.30000001192092896,
                    0.30000001192092896,
                    0.30000001192092896
                ]
            },
            "type": "light"
        },
        {
            "model": "Plane",
            "name": "ground",
            "params": null,
            "parent": "root",
            "transform": {
                "position": [
                    0.0,
                    0.0,
                    0.0
                ],
                "rotation": [
                    0.0,
                    0.0,
                    0.0
                ],
                "scale": [
                    50.0,
                    1.0,
                    50.0
                ]
            },